Crop,SoilFrac,SampleName,FileName-prefix,Note,Round,FileNameMG-RAST,mgrast-id,rast_file,filename
CC,LM,CC21-LM-July2012,A10,,2,A10_GATCAG_L006_001,4633076.3,A10_GATCAG_L006_001,A10_GATCAG_L006_001
CC,LM,CC12-LM-July2012,A11,,2,A11_TAGCTT_L006_001,4633077.3,A11_TAGCTT_L006_001,A11_TAGCTT_L006_001
CC,Micro,CC12-Micro-July2012,A12,re-do,2,A12_GGCTAC_L006_001,4633078.3,A12_GGCTAC_L006_001,A12_GGCTAC_L006_001
PF,MM,PF23-MM-July2012,A1,re-do,2,A1_CGATGT_L007_001,4633079.3,A1_CGATGT_L007_001,A1_CGATGT_L007_001
PF,MM,PF41-MM-July2012,A2,re-do,2,A2_TGACCA_L007_001,4633080.3,A2_TGACCA_L007_001,A2_TGACCA_L007_001
PF,MM,PF32-MM-July2012,A3,re-do,2,A3_ACAGTG_L007_001,4633081.3,A3_ACAGTG_L007_001,A3_ACAGTG_L007_001
PF,MM,PF15-MM-July2012,A4,re-do,2,A4_GCCAAT_L007_001,4633082.3,A4_GCCAAT_L007_001,A4_GCCAAT_L007_001
CC,LM,CC43-LM-July2012,A5,,2,A5_CAGATC_L007_001,4633083.3,A5_CAGATC_L007_001,A5_CAGATC_L007_001
CC,LM,CC35-LM-July2012,A6,,2,A6_CTTGTA_L007_001,4633084.3,A6_CTTGTA_L007_001,A6_CTTGTA_L007_001
CC,WS,CC43-WS-July2012,A7,,2,A7_ATCACG_L007_001,4633085.3,A7_ATCACG_L007_001,A7_ATCACG_L007_001
CC,Micro,CC43-Micro-July2012,A8,re-do,2,A8_TTAGGC_L007_001,4633086.3,A8_TTAGGC_L007_001,A8_TTAGGC_L007_001
CC,WS,CC12-WS-July2012,A9,,2,A9_ACTTGA_L006_001,4633087.3,A9_ACTTGA_L006_001,A9_ACTTGA_L006_001
P,WS,P31-WS-July2012,B10,,2,B10_GAGTGG_L007_001,4633088.3,B10_GAGTGG_L007_001,B10_GAGTGG_L007_001
P,WS,P24-WS-July2012,B11,,2,B11_ACTGAT_L007_001,4633089.3,B11_ACTGAT_L007_001,B11_ACTGAT_L007_001
P,WS,P46-WS-July2012,B12,,2,B12_ATTCCT_L007_001,4633090.3,B12_ATTCCT_L007_001,B12_ATTCCT_L007_001
CC,Micro,CC21-Micro-July2012,B1,re-do,2,B1_AGTCAA_L006_001,4633091.3,B1_AGTCAA_L006_001,B1_AGTCAA_L006_001
CC,WS,CC35-WS-July2012,B2,,2,B2_AGTTCC_L006_001,4633092.3,B2_AGTTCC_L006_001,B2_AGTTCC_L006_001
CC,WS,CC21-WS-July2012,B3,,2,B3_ATGTCA_L006_001,4633093.3,B3_ATGTCA_L006_001,B3_ATGTCA_L006_001
CC,Micro,CC35-Micro-July2012,B4,re-do,2,B4_CCGTCC_L006_001,4633094.3,B4_CCGTCC_L006_001,B4_CCGTCC_L006_001
P,LM,P31-LM-July2012,B5,,2,B5_GTCCGC_L007_001,4633095.3,B5_GTCCGC_L007_001,B5_GTCCGC_L007_001
P,LM,P24-LM-July2012,B6,,2,B6_GTGAAA_L007_001,4633096.3,B6_GTGAAA_L007_001,B6_GTGAAA_L007_001
P,LM,P46-LM-July2012,B7,,2,B7_GTGGCC_L007_001,4633097.3,B7_GTGGCC_L007_001,B7_GTGGCC_L007_001
P,WS,P13-WS-July2012,B8,,2,B8_GTTTCG_L007_001,4633098.3,B8_GTTTCG_L007_001,B8_GTTTCG_L007_001
P,LM,P13-LM-July2012,B9,,2,B9_CGTACG_L007_001,4633099.3,B9_CGTACG_L007_001,B9_CGTACG_L007_001
PF,SM,PF15-SM-July2012,H10,,1,H10_CCGTCC_L008_001,4633100.3,H10_CCGTCC_L008_001,H10_CCGTCC_L008_001
PF,SM,PF32-SM-July2012,H11,,1,H11_GTCCGC_L008_001,4633101.3,H11_GTCCGC_L008_001,H11_GTCCGC_L008_001
PF,Micro,PF15-Micro-July2012,H12,,1,H12_GTGAAA_L008_001,4633102.3,H12_GTGAAA_L008_001,H12_GTGAAA_L008_001
PF,Micro,PF41-Micro-July2012,H13,,1,H13_ATGTCA_L007_001,4633103.3,H13_ATGTCA_L007_001,H13_ATGTCA_L007_001
PF,LM,PF23-LM-July2012,H16,,1,H16_TAGCTT_L003_001,4633104.3,H16_TAGCTT_L003_001,Hofmockel16_TAGCTT_L003_001
PF,MM,PF23-MM-July2012,H17,Poor Quality,1,H17_AGTTCC_L005_001,4633105.3,H17_AGTTCC_L005_001,Hofmocke17_AGTTCC_L005_001
PF,MM,PF41-MM-July2012,H18,Poor Quality,1,H18_GTGGCC_L005_001,4633106.3,H18_GTGGCC_L005_001,Hofmockel18_GTGGCC_L005_001
PF,MM,PF32-MM-July2012,H19,Poor Quality,1,H19_GTTTCG_L005_001,4633107.3,H19_GTTTCG_L005_001,Hofmockel19_GTTTCG_L005_001
PF,Micro,PF32-Micro-July2012,H1,,1,H1_CGATGT_L006_001,4633108.3,H1_CGATGT_L006_001,H1_CGATGT_L006_001
PF,MM,PF15-MM-July2012,H20,Poor Quality,1,H20_CGTACG_L005_001,4633109.3,H20_CGTACG_L005_001,Hofmockel20_CGTACG_L005_001
PF,SM,PF23-SM-July2012,H2,,1,H2_TGACCA_L003_001,4633110.3,H2_TGACCA_L003_001,Hofmockel2_TGACCA_L003_001
CC,Micro,CC43-Micro-July2012,H30,Poor Quality,1,H30_GAGTGG_L006_001,4633111.3,H30_GAGTGG_L006_001,Hofmockel30_GAGTGG_L006_001
CC,Micro,CC12-Micro-July2012,H34,Poor Quality,1,H34_ACTGAT_L006_001,4633112.3,H34_ACTGAT_L006_001,Hofmockel34_ACTGAT_L006_001
CC,Micro,CC21-Micro-July2012,H35,Poor Quality,1,H35_ATTCCT_L006_001,4633113.3,H35_ATTCCT_L006_001,Hofmockel35_ATTCCT_L006_001
CC,Micro,CC35-Micro-July2012,H39,Poor Quality,1,H39_CGATGT_L006_001,4633114.3,H39_CGATGT_L006_001,Hofmockel39_CGATGT_L006_001
PF,LM,PF15-LM-July2012,H3,,1,H3_ACAGTG_L006_001,4633115.3,H3_ACAGTG_L006_001,H3_ACAGTG_L006_001
P,Micro,P13-Micro-July2012,H41,,1,H41_TGACCA_L001_001,4633116.3,H41_TGACCA_L001_001,Hofmockel41_TGACCA_L001_001
P,Micro,P31-Micro-July2012,H43,,1,H43_ACAGTG_L001_001,4633117.3,H43_ACAGTG_L001_001,Hofmockel43_ACAGTG_L001_001
PF,SM,PF41-SM-July2012,H5,,1,H5_CAGATC_L006_001,4633118.3,H5_CAGATC_L006_001,H5_CAGATC_L006_001
PF,Micro,PF23-Micro-July2012,H6,,1,H6_CTTGTA_L007_001,4633119.3,H6_CTTGTA_L007_001,H6_CTTGTA_L007_001
PF,WS,PF32-WS-July2012,H7,,1,H7_AGTCAA_L003_001,4633120.3,H7_AGTCAA_L003_001,Hofmockel7_AGTCAA_L003_001
PF,LM,PF32-LM-July2012,H8,,1,H8_AGTTCC_L007_001,4633121.3,H8_AGTTCC_L007_001,H8_AGTTCC_L007_001
PF,WS,PF23-WS-July2012,H9,,1,H9_ATCACG_L008_001,4633122.3,H9_ATCACG_L008_001,H9_ATCACG_L008_001
PF,WS,PF41-WS-July2012,H15,,1,H15_GATCAG_L003_001,4633188.3,H15_GATCAG_L003_001,Hofmockel15_GATCAG_L003_001
P,Micro,P24-Micro-July2012,H59,,1,H59_CAGATC_L001_001,4633189.3,H59_CAGATC_L001_001,Hofmockel59_CAGATC_L001_001
PF,WS,PF15-WS-July2012,H4,,1,H4_GCCAAT_L006_001,4635362.3,H4_GCCAAT_L006_001,H4_GCCAAT_L006_001
PF,LM,PF41-LM-July2012,H14,,1,H14_ACTTGA_L007_001,4635608.3,H14_ACTTGA_L007_001,H14_ACTTGA_L007_001
P,Micro,P46-Micro-July2012,H57,,1,H57_GCCAAT_L001_001,4635609.3,H57_GCCAAT_L001_001,Hofmockel57_GCCAAT_L001_001